অপেক্ষা	80
ক্ষমা	80
গণতন্ত্র	80
পরীক্ষা	80
প্রতিজ্ঞা	80
বর্ষা	80
বিজ্ঞান	80
সংবিধান	80
সচক্ষে	80
অক্ষমতা	90
অক্ষুণ্ণ	90
অক্ষয়	90
অক্ষরজ্ঞান	90
অক্ষিপট	90
অগ্ন্যুৎপাত	90
অগ্ন্যাশয়	90
অঙ্গীকার	90
অঙ্গুষ্ঠ	90
অঙ্কশাস্ত্র	90
অঙ্কিত	90
অনুজ্ঞা	90
অন্বেষণ	90
অনুষ্ঠান	90
অনুষ্ঠিত	90
অন্তঃকরণ	90
অন্তর্গত	90
অন্তর্মুখী	90
অভ্যন্তরীণ	90
অভ্যর্থনা	90
অভিজ্ঞতা	90
অবজ্ঞা	90
অবিচ্ছিন্ন	90
অবস্থিত	90
আকাঙ্ক্ষা	90
আকস্মিক	90
আত্মসমর্পণ	90
আবিষ্কার	90
আশ্চর্য	90
আশ্রম	90
উচ্ছ্বাস	90
উজ্জ্বল	90
উৎকণ্ঠা	90
উৎপত্তি	90
উদ্ভাবন	90
উন্মুক্ত	90
উপস্থিতি	90
কৃতজ্ঞতা	90
কৃষ্ণচূড়া	90
ক্ষতিকারক	90
ক্ষমতাসীন	90
ক্ষমাশীলতা	90
অভ্যর্থনাকারী	90
অভ্যন্তরস্থ	90
অভ্যুদ্ভূত	90
অধঃপতন	90
অধীনস্থ	90
অধিষ্ঠিত	90
অনিবার্য	90
অনির্বাণ	90
অনুগ্রহপূর্বক	90
অনুধাবনযোগ্য	90
অনুস্বারযুক্ত	90
অন্তরীক্ষযান	90
অন্তর্নিহিত	90
অন্তর্বিষয়ক	90
অন্তঃসারশূন্য	90
অপ্রতিদ্বন্দ্বিতা	90
অপ্রতিরোধ্য	90
অবকেন্দ্রিক	90
অবিচ্ছেদ্যতা	90
অবজ্ঞাসূচক	90
অবনতিশীল	90
অবর্ণনীয়	90
অভিভাবকত্ব	90
অভিশংসন	90
অমূল্যায়ন	90
অমৃত্যুঞ্জয়	90
অশ্বারোহী	90
অষ্টপ্রহর	90
আকাঙ্ক্ষাপূরণ	90
আত্মপ্রকাশ	90
আত্মরক্ষামূলক	90
আত্মসচেতনতা	90
আত্মসম্মানবোধ	90
আধ্যাত্মিকতা	90
আয়ত্তকরণ	90
আলিঙ্গনাবদ্ধ	90
ইচ্ছাশক্তি	90
ইন্দ্রিয়সংবেদন	90
উচ্ছৃঙ্খলতা	90
উদ্ভিদবিজ্ঞান	90
উদ্বায়ীতা	90
উদ্বৃত্তাংশ	90
উপযোগিতাবাদ	90
উপস্থাপনাপর্ব	90
ঊর্ধ্বাধর	90
ঋজুতাপূর্ণ	90
একীভূতকরণ	90
ঐক্যসংহতি	90
ঔপনিবেশিক	90
কক্ষপথচ্যুত	90
কণ্ঠস্বরনিয়ন্ত্রণ	90
কর্তৃত্ববাদ	90
কল্পনাশক্তি	90
কৃষ্ণপক্ষীয়	90
কেন্দ্রস্থাপন	90
ক্ষতচিহ্ন	90
ক্ষতিগ্রস্ততা	90
ক্ষুদ্রায়ন	90
ক্ষমতাচ্যুতি	90
খ্যাতিমান	90
খ্রিস্টধর্মাবলম্বী	90
গণতান্ত্রিকতা	90
গণ্যমান্যব্যক্তি	90
গভীরতানির্ণয়	90
গর্ভজাতশিশু	90
গ্রন্থপঞ্জিভুক্ত	90
গ্রাহকসংশ্লিষ্ট	90
ঘনত্বনির্ভর	90
ঘূর্ণিঝড়প্রবণ	90
চক্রবৃদ্ধিহারে	90
চিকিৎসাপদ্ধতি	90
চিত্রবিচিত্রতা	90
চূড়ান্তসিদ্ধান্ত	90
ছদ্মপরিচয়	90
জন্মহারনিয়ন্ত্রণ	90
জ্ঞানান্বেষণ	90
জ্যামিতিশাস্ত্র	90
ঝুঁকিপূর্ণতা	90
তত্ত্বাবধায়ক	90
তন্ত্রসাধক	90
তথ্যপ্রমাণভিত্তিক	90
ত্রাণসামগ্রী	90
ত্রিকোণাকৃতি	90
ত্রুটিসংশোধন	90
দক্ষতাবৃদ্ধি	90
দন্তচিকিৎসক	90
দায়বদ্ধতা	90
দায়িত্বশীলতা	90
দুর্দশাগ্রস্ত	90
দুর্ভাবনাগ্রস্ত	90
দুর্যোগব্যবস্থাপনা	90
দৃষ্টিনন্দনতা	90
দ্ব্যর্থবোধকতা	90
দ্বিপক্ষীয়তা	90
দ্রুততমগতি	90
ধ্বনিপ্রতিধ্বনি	90
ধর্মপ্রাণব্যক্তি	90
ধার্যযোগ্যতা	90
নক্ষত্রখচিত	90
নিয়ন্ত্রণব্যবস্থা	90
নিরীক্ষণযোগ্য	90
নির্দয়নিষ্ঠুর	90
নির্বিঘ্নে	90
নির্ভরযোগ্যতা	90
নিষ্প্রয়োজনীয়	90
নৃত্যনৈপুণ্য	90
ন্যায্যতানির্ভর	90
পক্ষসমর্থনকারী	90
পদ্ধতিনির্ভর	90
পরিণতবয়স্ক	90
পরিচ্ছন্নতাকর্মী	90
পরিপূরকব্যবস্থা	90
পর্যায়সারণি	90
পর্যাপ্তপরিমাণ	90
পর্যুদস্তঅবস্থা	90
পুনর্গঠনপ্রক্রিয়া	90
পুস্তকবিষয়ক	90
পূর্বনির্ধারিতভাবে	90
প্রকৃতপক্ষেই	90
প্রতিযোগিতামূলক	90
প্রতিফলনযোগ্য	90
প্রতিবিম্বিত	90
প্রত্যক্ষীকরণ	90
প্রত্যুত্তরদাতা	90
প্রদাহনাশক	90
প্রবাহনিয়ন্ত্রণ	90
প্রবেশসংকেত	90
প্রমাণীকরণ	90
প্রশিক্ষণার্থী	90
প্রশ্নোত্তরপর্ব	90
প্রশাসনতন্ত্র	90
প্রসারণযোগ্যতা	90
প্রস্তাবনাসমূহ	90
প্রাকৃতিকদুর্যোগ	90
প্রাণঘাতীসংক্রমণ	90
প্রাসঙ্গিকতাভিত্তিক	90
বক্তৃতাপ্রদান	90
বক্ষব্যথাজনিত	90
বহির্মুখীতাবাদ	90
বিচক্ষণতাপূর্ণ	90
বিজ্ঞাপনপ্রযুক্তি	90
বিদ্যুৎবিভ্রাট	90
বিনিময়যোগ্য	90
বিভ্রান্তিজনক	90
বিরূপপ্রতিক্রিয়া	90
বিশেষজ্ঞমণ্ডলী	90
বিষয়ভিত্তিকভাবে	90
বিস্ময়করভাবে	90
বৃহৎপরিসরে	90
ব্যবস্থাপনাগতভাবে	90
ব্যর্থতাপ্রবণ	90
ব্যাকরণগতভাবে	90
ভঙ্গুরতাপূর্ণ	90
ভবিষ্যদ্বাণী	90
ভ্রাম্যমাণচিকিৎসা	90
মতানৈক্যপূর্ণ	90
মন্ত্রিসভাসদস্য	90
মনোবিজ্ঞানভিত্তিক	90
মহাকাশযান	90
মাধ্যমিকশিক্ষার্থী	90
মুদ্রণপ্রযুক্তি	90
মৌলিকত্বনির্ণয়	90
যন্ত্রনির্ভরতা	90
যুগান্তকারী	90
রক্তসঞ্চালনব্যবস্থা	90
রাষ্ট্রব্যবস্থাপনা	90
রূপান্তরশীলতা	90
লক্ষ্যনির্দেশনা	90
লব্ধজ্ঞানভিত্তিক	90
লৌকিকতাবর্জিত	90
শব্দপ্রক্রিয়াকরণ	90
শস্যউৎপাদন	90
শিক্ষাক্রমভিত্তিক	90
শৃঙ্খলানিয়ন্ত্রণ	90
শ্রুতিলিখনযোগ্য	90
ষোড়শদলীয়	90
সংক্ষিপ্তকরণ	90
সংক্রমণপ্রতিরোধ	90
সংখ্যাগরিষ্ঠতা	90
সংবেদনশীলতা	90
সংশয়প্রবণতা	90
সম্প্রচারপ্রযুক্তি	90
সম্পূরকপরীক্ষা	90
সম্মানসূচকভাবে	90
সম্ভাবনামূলক	90
সম্বন্ধনির্ণায়ক	90
সর্বক্ষেত্রব্যাপী	90
সাংবিধানিকতা	90
সাধ্যসীমাবদ্ধতা	90
সামঞ্জস্যবিধান	90
স্মরণশক্তিবর্ধক	90
স্বতন্ত্রতাবাদী	90
স্বল্পব্যয়বহুল	90
স্বাস্থ্যপরীক্ষাকেন্দ্র	90
হস্তলিখিতপ্রতিলিপি	90
হৃদয়বিদারকতা	90
হ্রাসযোগ্যতা	90
প্রযুক্তিবিষয়ক	90
প্রণয়নপ্রক্রিয়া	90
প্রণোদনামূলক	90
প্রতিবন্ধকতামূলক	90
প্রতিবেশব্যবস্থা	90
প্রতিশ্রুতিবদ্ধ	90
প্রতিরক্ষাব্যবস্থা	90
প্রতিরোধযোগ্য	90
প্রতুলপরিমাণে	90
প্রত্নতত্ত্ববিদ	90
প্রদর্শনপ্রযুক্তি	90
প্রধান্যবিস্তার	90
প্রভাববিস্তারকারী	90
প্রবেশাধিকার	90
প্রবীণনাগরিক	90
প্রবৃদ্ধিহার	90
প্রভুত্ববাদী	90
প্রমাণসাপেক্ষ	90
প্রয়োজনসাপেক্ষে	90
প্রযোজ্যতানির্ধারণ	90
প্রশংসনীয়ভাবে	90
প্রশাসনিকভাবে	90
প্রশ্নাতীতভাবে	90
প্রস্তরনির্মিত	90
প্রাকৃতিকসম্পদ	90
প্রাথমিকপর্যায়ে	90
প্রাণবৈচিত্র্য	90
প্রাতিষ্ঠানিকীকরণ	90
প্রাপ্তবয়স্কতা	90
প্রিয়জনবিয়োগ	90
ফলপ্রসূভাবেই	90
ফেরতযোগ্যতা	90
ফৌজদারিবিধি	90
বক্তব্যউপস্থাপন	90
বন্যানিয়ন্ত্রণ	90
বরাদ্দযোগ্যতা	90
বহুমাত্রিকতা	90
বহুভাষিকতা	90
বহির্বিশ্বসংক্রান্ত	90
বহিষ্কারযোগ্য	90
বাধ্যবাধকতামূলক	90
বাণিজ্যিকীকরণ	90
বার্ষিকীউদযাপন	90
বিকল্পব্যবস্থা	90
বিকেন্দ্রীভূত	90
বিচারবিভাগীয়	90
বিচ্ছিন্নীকরণ	90
বিধিবদ্ধনিয়ম	90
বিনিয়োগকারীগণ	90
বিপজ্জনকভাবে	90
বিভাগীয়করণ	90
বিমূর্তচিন্তাধারা	90
বিলুপ্তপ্রায়তা	90
বিষয়বস্তুনির্ভর	90
বিস্তারিতবিশ্লেষণ	90
বৃক্ষনিধনপ্রবণতা	90
বৈদেশিকবিনিয়োগ	90
বৈপরীত্যপূর্ণ	90
ব্যতিক্রমীধরনের	90
ব্যবহারবিধিসমূহ	90
ব্যবসায়প্রতিষ্ঠান	90
ব্যাপকভিত্তিক	90
ব্যাখ্যামূলকভাবে	90
ভবিষ্যৎপ্রজন্ম	90
ভৌগোলিকঅবস্থান	90
ভ্রাম্যমাণগ্রন্থাগার	90
মতবিরোধনিরসন	90
মধ্যবিত্তপরিবার	90
মধ্যস্থতাপ্রক্রিয়া	90
মানবাধিকারভিত্তিক	90
মানসিকস্বাস্থ্যসেবা	90
মারাত্মকক্ষতিকর	90
মুদ্রাস্ফীতিজনিত	90
মেধাস্বত্বসংরক্ষণ	90
মৌলিকঅধিকার	90
যথাযথব্যবস্থা	90
যান্ত্রিকত্রুটি	90
যুগোপযোগীকরণ	90
যৌক্তিকব্যাখ্যা	90
রক্ষণাবেক্ষণকারী	90
রাষ্ট্রীয়পর্যায়ে	90
রিকশাচালকসমিতি	90
রূপান্তরপ্রক্রিয়া	90
লক্ষ্যনির্ভরশিক্ষা	90
লিঙ্গবৈষম্যবিরোধী	90
লুপ্তপ্রায়প্রজাতি	90
শক্তিবর্ধকখাদ্য	90
শরণার্থীশিবির	90
শর্তসাপেক্ষঅনুমতি	90
শারীরবৃত্তীয়	90
শিক্ষাবৃত্তিপ্রাপ্ত	90
শিল্পকারখানাভিত্তিক	90
শৃঙ্খলাভঙ্গকারী	90
শ্রদ্ধাঞ্জলিসভা	90
শ্রেণিকক্ষভিত্তিক	90
ষড়যন্ত্রমূলক	90
সংকটমোকাবিলায়	90
সংগঠনবিরোধী	90
সংবিধানপ্রণেতা	90
সংশোধনীপ্রস্তাব	90
সন্তোষজনকভাবে	90
সম্পত্তিবণ্টনকারী	90
সম্পূর্ণনিরাপদ	90
সম্মতিপ্রদানকারী	90
সম্মাননাপ্রাপ্ত	90
সম্মিলনস্থল	90
সম্ভাব্যক্ষয়ক্ষতি	90
সমুদ্রপৃষ্ঠউচ্চতা	90
সর্বজনগ্রাহ্যতা	90
সর্বাধিকসংখ্যক	90
সামগ্রিকপরিকল্পনা	90
সাংবাদিকসম্মেলন	90
সাক্ষরজ্ঞানসম্পন্ন	90
সাধারণীকরণপ্রক্রিয়া	90
সাম্প্রতিকপরিস্থিতি	90
সার্বজনীনগ্রহণযোগ্যতা	90
সীমান্তরক্ষীবাহিনী	90
সুপরিকল্পিতভাবে	90
সুস্বাস্থ্যেরজন্য	90
স্থাপত্যনিদর্শন	90
স্থায়ীকমিটিসমূহ	90
স্পর্শকাতরতাজনিত	90
স্মৃতিসৌধপ্রাঙ্গণ	90
স্বচ্ছতানিশ্চিতকরণ	90
স্বনির্ভরতামূলক	90
স্বল্পমেয়াদিভিত্তিক	90
স্বাস্থ্যঝুঁকিপূর্ণ	90
হস্তাক্ষরবিশ্লেষণ	90
হৃদরোগপ্রতিরোধ	90
হ্রাসবৃদ্ধিপ্রবণতা	90
অধিকারসংক্রান্ত	90
অধিষ্ঠানযোগ্য	90
অধোগতিশীল	90
অধ্যবসায়ী	90
অধ্যয়নরত	90
অধ্যাত্মবাদী	90
অধ্যাপকবৃন্দ	90
অনধিকারচর্চা	90
অনিবার্যতা	90
অনির্বচনীয়	90
অনির্দিষ্টকাল	90
অনুপ্রবেশকারী	90
অনুপ্রেরণাদায়ক	90
অনুপস্থিতজনিত	90
অনুর্বরভূমি	90
অনুশাসনমূলক	90
অনৈক্যপ্রবণতা	90
অপরিহার্যতা	90
অপর্যাপ্তসংখ্যক	90
অপ্রকাশ্যতা	90
অপ্রত্যাশিত	90
অপ্রতিদ্বন্দ্বী	90
অপ্রতুলতা	90
অপ্রয়োজনীয়	90
অপ্রাসঙ্গিকতা	90
অপ্রিয়সত্য	90
অবকাঠামোগত	90
অবদানস্বরূপ	90
অবধারিতভাবে	90
অবমাননাকর	90
অবমূল্যায়ন	90
অবর্ণনীয়তা	90
অবসরপ্রাপ্ত	90
অবস্থানগত	90
অভ্যর্থনাসভা	90
অভ্যুদয়কাল	90
অভূতপূর্ব	90
অমীমাংসিত	90
অম্লানবদন	90
অর্পণযোগ্য	90
অলঙ্ঘনীয়	90
অশ্রুসজল	90
অশ্রুতপূর্ব	90
অসংগতিপূর্ণ	90
অসংলগ্নতা	90
অসাম্প্রদায়িক	90
অসুস্থতাজনিত	90
অস্তিত্ববাদী	90
অস্ত্রোপচার	90
অস্বস্তিকর	90
আন্তঃমহাদেশীয়	90
আন্তর্জাতিকীকরণ	90
আত্মনিয়ন্ত্রণ	90
আত্মবিশ্বাসহীনতা	90
আত্মবিসর্জন	90
আত্মসমালোচনা	90
আত্মসংবরণ	90
আধুনিকীকরণ	90
আনুষ্ঠানিকতা	90
আবহাওয়াবিজ্ঞান	90
আবশ্যকীয়তা	90
আয়ত্তাধীন	90
আর্যসভ্যতা	90
আলোকপ্রাপ্তি	90
ইতস্ততভাবে	90
ইন্দ্রিয়াতীত	90
ইতিবাচকতা	90
ইস্পাতনির্মিত	90
ঈর্ষাকাতরতা	90
উচ্চমাধ্যমিক	90
উচ্চাভিলাষী	90
উৎকৃষ্টমানের	90
উৎপাদনক্ষমতা	90
উৎপীড়নমূলক	90
উদ্ভাবনীশক্তি	90
উদ্দেশ্যহীনতা	90
উদ্বেগজনক	90
উদ্বৃত্তমূল্য	90
উন্নয়নকর্মী	90
উন্মত্তপ্রায়	90
উন্মোচনযোগ্য	90
উপকারভোগী	90
উপনিবেশবাদী	90
উপভোগ্যতা	90
উপসর্গবিহীন	90
উপযুক্তপ্রার্থী	90
ঊর্ধ্বতনকর্তৃপক্ষ	90
ঋণগ্রহণযোগ্যতা	90
একত্রীকরণ	90
একচ্ছত্রাধিপত্য	90
ঐতিহাসিকভাবে	90
ঐক্যবিনষ্টকারী	90
ওষ্ঠ্যউচ্চারণ	90
কণ্টকময়তা	90
কণ্ঠনালীবিশেষজ্ঞ	90
কদর্যতাপূর্ণ	90
কর্তব্যপরায়ণ	90
কর্মপরিকল্পনাকারী	90
কর্মপ্রত্যাশী	90
কর্মসংক্রান্ত	90
কল্পনাপ্রবণতা	90
কুশ্রীদর্শন	90
কৃতকার্যতা	90
কৃত্রিমবুদ্ধিমত্তা	90
কৃষিজীবীনির্ভর	90
কেন্দ্রবিমুখতা	90
কেন্দ্রীভূতকরণ	90
ক্ষতিপূরণযোগ্য	90
ক্ষুদ্রঋণপ্রদান	90
ক্ষমতাকেন্দ্রিক	90
ক্ষমতাবিকেন্দ্রীকরণ	90
খণ্ডবিখণ্ডিত	90
গণপ্রতিনিধিত্ব	90
গণমাধ্যমকর্মী	90
গবেষণাপত্রিকা	90
গর্ভনিরোধব্যবস্থা	90
গর্ভাবস্থাজনিত	90
গ্রন্থস্বত্বাধিকার	90
গ্রহণযোগ্যতা	90
ঘটনাবহুলতা	90
ঘনিষ্ঠসহযোগিতা	90
চক্ষুরোগবিশেষজ্ঞ	90
চন্দ্রগ্রহণপর্ব	90
চিন্তাশক্তিবর্ধক	90
চূড়ান্তপর্যায়ে	90
ছদ্মবেশধারী	90
জটিলতাপূর্ণ	90
জন্মনিবন্ধনপত্র	90
জ্ঞানবিজ্ঞানের	90
জ্যোতির্বৈজ্ঞানিক	90
তত্ত্বনির্ভরতা	90
তথ্যপ্রযুক্তিনির্ভর	90
ত্রিমাত্রিকতায়	90
দায়িত্বপ্রাপ্ত	90
দৃষ্টিভঙ্গিগত	90
দুর্ভিক্ষপীড়িত	90
দুর্নীতিপরায়ণ	90
দ্বন্দ্বনিরসনকারী	90
দ্ব্যর্থহীনভাবে	90
দ্রব্যমূল্যবৃদ্ধি	90
ধর্মনিরপেক্ষতা	90
নক্ষত্রমণ্ডলীয়	90
নিরাপত্তাব্যবস্থা	90
নির্দেশনাবলিসমূহ	90
নির্বাচনপ্রক্রিয়া	90
নিষ্ক্রিয়তাজনিত	90
নৃশংসতাপূর্ণ	90
পক্ষপাতিত্বমূলক	90
পদ্ধতিগতভাবে	90
পরিকল্পনাবিহীন	90
পরিপ্রেক্ষিতভিত্তিক	90
পর্যবেক্ষণযোগ্য	90
প্রতিক্রিয়াশীলতা	90
প্রতিদ্বন্দ্বিতাপূর্ণ	90
প্রতিষ্ঠানভিত্তিক	90
প্রত্নসম্পদসংরক্ষণ	90
প্রত্যক্ষপ্রমাণ	90
প্রশাসনব্যবস্থা	90
প্রশিক্ষণপ্রাপ্ত	90
প্রাসঙ্গিকতাহীন	90
প্রামাণিকতাসম্পন্ন	90
প্রযুক্তিনির্ভরতা	90
ফল্গুধারা	90
ফ্রিকোয়েন্সি	90
ফ্রিল্যান্সার	90
ফ্রন্টলাইন	90
ফ্লুরোসেন্ট	90
ফ্ল্যাটবাড়ি	90
বক্ষব্যাধি	90
বক্ষস্থল	90
বঙ্গোপসাগর	90
বঞ্চনাপ্রবণ	90
বদ্ধপরিকর	90
বদ্ধমূলতা	90
বন্দ্যোপাধ্যায়	90
বর্ণচ্ছটা	90
বর্ণনাতীত	90
বর্ণমালাভিত্তিক	90
বর্ধিষ্ণু	90
বর্ষণমুখর	90
বহিষ্করণ	90
বহিষ্কৃত	90
বিচ্ছিন্নতাবাদ	90
বিচ্ছুরণ	90
বিচ্ছেদবেদনা	90
বিজ্ঞানভিত্তিক	90
বিজ্ঞপ্তিপত্র	90
বিজ্ঞানমনস্ক	90
বিতর্কযোগ্য	90
বিদ্যুৎচালিত	90
বিদ্যুৎপ্রবাহ	90
বিদ্যুৎস্পৃষ্ট	90
বিদ্বজ্জন	90
বিনষ্টযোগ্য	90
বিন্যাসযোগ্য	90
বিনোদনশিল্প	90
বিপর্যস্ত	90
বিপ্লবাত্মক	90
বিভ্রান্তিকর	90
বিমূর্ততা	90
বিম্বপ্রতিবিম্ব	90
বিরুদ্ধাচরণ	90
বিবর্তনশীল	90
বিশ্লেষণধর্মী	90
বিশ্বাসযোগ্যতা	90
বিশ্বস্ততা	90
বিশ্বব্রহ্মাণ্ড	90
বিষণ্ণতা	90
বিষ্ফোরক	90
বিষ্ফোরণপ্রবণ	90
বিস্ময়াভিভূত	90
বিস্মৃতিপ্রবণ	90
বিস্তারিতকরণ	90
বৃক্ষরোপণ	90
বৃক্ষচ্ছেদন	90
বৃহস্পতিবার	90
বৃহত্তর	90
বৃহদাকৃতি	90
বৈদ্যুতিক	90
বৈষম্যবিরোধী	90
বৈশ্বিকীকরণ	90
ব্যক্তিত্বসম্পন্ন	90
ব্যঞ্জনবর্ণ	90
ব্যতিক্রমধর্মী	90
ব্যথানাশক	90
ব্যবস্থাপনা	90
ব্যবস্থাপনাগত	90
ব্যবহারিকতা	90
ব্যর্থতাজনিত	90
ব্যাকরণসম্মত	90
ব্যাখ্যাযোগ্য	90
ব্যাধিগ্রস্ত	90
ব্যাপকতর	90
ব্যাপ্তিকাল	90
ব্যুৎপত্তিগত	90
ব্যূহরচনা	90
ভগ্নাংশ	90
ভদ্রলোকসুলভ	90
ভয়ংকরত্ব	90
ভ্রষ্টাচার	90
ভ্রমণবৃত্তান্ত	90
ভ্রান্তিধারণা	90
ভ্রূণহত্যা	90
ভ্রূণাবস্থা	90
ভ্রাতৃত্ববোধ	90
মঙ্গলোচ্ছ্বাস	90
মঞ্চস্থাপন	90
মৎস্যজীবী	90
মধ্যবর্তী	90
মধ্যযুগীয়	90
মধ্যস্থতাকারী	90
মন্ত্রিপরিষদ	90
মন্ত্রোচ্চারণ	90
মনস্তাত্ত্বিক	90
মনঃসংযোগ	90
মহৎপ্রাণ	90
মহাপ্রস্থানের	90
মৃত্যুঞ্জয়	90
মৃত্তিকাশিল্প	90
মৃদুভাষী	90
মৃৎশিল্প	90
ম্লানপ্রভা	90
ম্লেচ্ছতা	90
যন্ত্রচালিত	90
যন্ত্রপাতি	90
যন্ত্রবিদ্যা	90
যন্ত্রণাদায়ক	90
যথেষ্টতা	90
যথার্থতা	90
যজ্ঞশালা	90
যৌক্তিকতা	90
যৌথসম্পত্তি	90
রক্তক্ষরণ	90
রক্তচাপ	90
রক্তসঞ্চালন	90
রক্ষণশীলতা	90
রক্ষণাবেক্ষণ	90
রক্ষণাবস্থা	90
রুদ্ধশ্বাস	90
রুদ্ধদ্বার	90
রূপান্তরযোগ্য	90
রূপায়ণপ্রক্রিয়া	90
রোগপ্রতিরোধক্ষমতা	90
লক্ষ্মীপূর্ণিমা	90
লক্ষ্যনির্ধারণ	90
লক্ষ্যভিত্তিক	90
লব্ধপ্রতিষ্ঠ	90
লজ্জাস্পদ	90
লজ্জাবনত	90
লঙ্ঘনযোগ্য	90
লঙ্ঘিত	90
লুপ্তপ্রায়	90
লোকশ্রুতি	90
শক্তিশালীকরণ	90
শব্দচ্ছটা	90
শব্দব্রহ্ম	90
শব্দভাণ্ডার	90
শব্দসংক্ষেপ	90
শঙ্কাহীন	90
শঙ্খধ্বনি	90
শঙ্খচিল	90
শয্যাশায়ী	90
শর্তসাপেক্ষ	90
শর্তাধীন	90
শল্যচিকিৎসা	90
শস্যক্ষেত্র	90
শাস্ত্রজ্ঞ	90
শাস্ত্রীয়	90
শাশ্বততা	90
শিক্ষানবিশ	90
শিক্ষাপ্রতিষ্ঠান	90
শিক্ষানুরাগী	90
শিল্পপ্রতিষ্ঠান	90
শিল্পোন্নয়ন	90
শিশুসুলভ	90
শিষ্টাচারবহির্ভূত	90
শীর্ণকায়	90
শুদ্ধাচারী	90
শূন্যস্থান	90
শৃঙ্খলাবদ্ধ	90
শ্রদ্ধেয়	90
শ্রদ্ধাঞ্জলি	90
শ্রবণশক্তি	90
শ্রান্তিকর	90
শ্রেণিবিন্যাস	90
শ্রেয়স্কর	90
শ্রোতৃমণ্ডলী	90
ষড়যন্ত্রকারী	90
ষড়রিপু	90
ষট্কোণ	90
ষষ্ঠাংশ	90
ষষ্ঠীচরণ	90
ষোড়শী	90
ষোড়শোপচার	90
সঙ্কটাপন্ন	90
সংশ্লিষ্টতা	90
সংশোধনযোগ্য	90
সঙ্গীতজ্ঞ	90
সঙ্গোপন	90
সঞ্জীবনী	90
সঞ্জ্ঞানাশক	90
সন্তোষজনক	90
সন্তানসন্ততি	90
সন্তর্পণে	90
সন্দেহপ্রবণ	90
সন্দর্ভগ্রন্থ	90
সন্নিবেশিত	90
সন্ন্যাসব্রত	90
সম্পর্কচ্ছেদ	90
সম্প্রসারণযোগ্য	90
সম্প্রদায়ভিত্তিক	90
সম্প্রচারযোগ্য	90
সম্প্রীতিপূর্ণ	90
সম্ভাব্যতা	90
সম্ভাবনাময়	90
সম্ভ্রান্তজন	90
সম্বন্ধসূচক	90
সম্বর্ধনাসভা	90
সম্মিলিতপ্রচেষ্টা	90
সম্মাননাপত্র	90
সম্মোহনীশক্তি	90
সম্মুখসমর	90
সরঞ্জামসমূহ	90
সর্বজ্ঞতা	90
সর্বব্যাপী	90
সর্বস্বান্ত	90
সশ্রদ্ধচিত্তে	90
সহৃদয়তা	90
সাংখ্যিকতা	90
সাক্ষ্যপ্রমাণ	90
সাক্ষাৎকারগ্রহণ	90
সাধ্যসাধনা	90
সামঞ্জস্যপূর্ণ	90
সাম্প্রতিকতম	90
সাম্প্রদায়িকতা	90
সার্বক্ষণিক	90
সার্বভৌমত্ব	90
সাহিত্যসম্মেলন	90
সিদ্ধান্তগ্রহণ	90
সিদ্ধহস্ত	90
সিদ্ধান্তমূলক	90
সিন্দুকভর্তি	90
সূক্ষ্মদর্শী	90
সূক্ষ্মাতিসূক্ষ্ম	90
সুপ্রতিষ্ঠিত	90
সুপ্রশস্ত	90
সুব্যবস্থাপনা	90
সুস্বাস্থ্যকর	90
সুস্থিরচিত্তে	90
সৃষ্টিশীলতা	90
সৃষ্টিকর্তা	90
সৃষ্টিতত্ত্ব	90
স্তম্ভিতপ্রায়	90
স্তরবিন্যাস	90
স্ত্রীস্বাধীনতা	90
স্থগিতাদেশ	90
স্থায়িত্বশীল	90
স্থাপত্যশৈলী	90
স্থূলকায়	90
স্খলনপ্রবণ	90
স্পন্দনশীল	90
স্পষ্টভাষী	90
স্পর্শকাতরতা	90
স্পর্ধামূলক	90
স্ফটিকস্বচ্ছ	90
স্ফূর্তিদায়ক	90
স্মৃতিচারণ	90
স্মৃতিশক্তি	90
স্মরণীয়তা	90
স্রষ্টানির্মিত	90
স্বতঃস্ফূর্ত	90
স্বপ্নদ্রষ্টা	90
স্বল্পস্থায়ী	90
স্বাক্ষরজালিয়াতি	90
স্বাস্থ্যসচেতন	90
স্বাস্থ্যবিধি	90
স্বাধীনতাসংগ্রাম	90
স্বেচ্ছাসেবক	90
স্বেচ্ছাচারিতা	90
স্বেচ্ছানির্বাসন	90
স্বর্ণাক্ষরে	90
স্বর্ণপদকপ্রাপ্ত	90
হস্তক্ষেপমূলক	90
হস্তলিপিবিশেষজ্ঞ	90
হস্তান্তরযোগ্য	90
হৃদস্পন্দন	90
হৃদরোগবিশেষজ্ঞ	90
হৃদয়গ্রাহী	90
হৃদয়বিদারক	90
হৃষ্টপুষ্ট	90
হ্রাসপ্রাপ্ত	90
হ্রস্বদীর্ঘ	90
হ্লাদিনীশক্তি	90
ক্ষমতায়ন	90
খণ্ডকালীন	90
খণ্ডনযোগ্য	90
খণ্ডিতাংশ	90
খণ্ডক্ষেত্র	90
খ্রিস্টপূর্ব	90
খ্রিস্টাব্দ	90
গঙ্গোত্রী	90
গঙ্গাজল	90
গণমাধ্যম	90
গণসংযোগ	90
গণপ্রজাতন্ত্রী	90
গন্ধর্ব	90
গর্ভধারণ	90
গর্ভনিরোধক	90
গর্ভস্থ	90
গল্পচ্ছলে	90
গুপ্তধন	90
গুপ্তচরবৃত্তি	90
গৃহস্থালি	90
গৃহীতব্য	90
গৃহসজ্জা	90
গ্রন্থাগার	90
গ্রন্থস্বত্ব	90
গ্রন্থপ্রণেতা	90
গ্রন্থিত	90
গ্রাম্যতা	90
গ্রাহ্যযোগ্য	90
ঘনিষ্ঠতা	90
ঘর্ষণজনিত	90
ঘ্রাণশক্তি	90
ঘোষণাপত্র	90
চক্ষুশূল	90
চক্ষুদান	90
চক্ষুবিশেষজ্ঞ	90
চঞ্চলতা	90
চন্দ্রগ্রহণ	90
চন্দ্রালোকে	90
চন্দ্রবিন্দু	90
চিত্রগ্রহণ	90
চিত্রনাট্য	90
চিত্রশিল্পী	90
চ্ছত্রভঙ্গ	90
ছিন্নভিন্ন	90
ছিন্নমূল	90
ছদ্মবেশী	90
ছদ্মনাম	90
ছদ্মবিজ্ঞান	90
জন্মগত	90
জন্মনিয়ন্ত্রণ	90
জন্মাষ্টমী	90
জন্মান্তর	90
জ্ঞানচর্চা	90
জ্ঞানতত্ত্ব	90
জ্ঞানপিপাসু	90
জ্ঞানেন্দ্রিয়	90
জ্যোতির্বিজ্ঞান	90
জ্যোৎস্নালোকে	90
জ্যেষ্ঠত্ব	90
ঝঞ্ঝাবিক্ষুব্ধ	90
ঝঞ্ঝাপ্রবাহ	90
টঙ্কারধ্বনি	90
ট্রান্সক্রিপ্ট	90
ট্র্যাজেডি	90
ট্রান্সফরমার	90
ট্র্যাকিংসিস্টেম	90
ডঙ্কাধ্বনি	90
ড্রাইভারবিহীন	90
ড্রোনপ্রযুক্তি	90
ঢাকঢোল	90
তত্ত্বাবধান	90
তত্ত্বজ্ঞ	90
তত্ত্বীয়	90
তত্ত্বানুসন্ধান	90
তন্ত্রমন্ত্র	90
তন্ত্রজ্ঞ	90
তন্ত্রশাস্ত্র	90
তৎক্ষণাৎ	90
তদ্ব্যতীত	90
তদ্ভব	90
তদ্রূপ	90
তন্ময়তা	90
তন্মধ্যে	90
তপ্তকাঞ্চন	90
তর্কবিতর্ক	90
তর্কশাস্ত্র	90
ত্রিকোণমিতি	90
ত্রিমাত্রিক	90
ত্র্যহস্পর্শ	90
ত্র্যয়োদশ	90
ত্রিশঙ্কু	90
ত্রুটিমুক্ত	90
ত্বরণশীল	90
ত্বকবিশেষজ্ঞ	90
ত্বষ্টা	90
থ্রিডিপ্রিন্টিং	90
দণ্ডপ্রাপ্ত	90
দণ্ডবিধি	90
দন্ত্যধ্বনি	90
দুর্ভাগ্যজনক	90
দুর্বোধ্যতা	90
দুর্বৃত্তায়ন	90
দুর্বিষহ	90
দুর্দান্ত	90
দুর্নীতিগ্রস্ত	90
দুর্নিবার	90
দুর্গমতা	90
দুর্ঘটনাপ্রবণ	90
দৃষ্টান্তমূলক	90
দৃষ্টিভঙ্গি	90
দৃশ্যপট	90
দৃশ্যমানতা	90
দ্বন্দ্বমূলক	90
দ্ব্যর্থবোধক	90
দ্ব্যর্থহীন	90
দ্বিপাক্ষিক	90
দ্বিমুখীতা	90
দ্বিরুক্তি	90
দ্বৈতনাগরিকত্ব	90
দ্বৈরথ	90
দ্রব্যসামগ্রী	90
দ্রব্যমূল্য	90
দ্রুতগামী	90
দ্রাঘিমাংশ	90
দ্রষ্টব্য	90
দ্রোহপ্রবণ	90
ধ্বংসপ্রাপ্ত	90
ধ্বনিতত্ত্ব	90
ধ্বনিমুদ্রণ	90
ধৃষ্টতা	90
ধ্রুপদীসংগীত	90
ধ্রুবতারা	90
ধ্রুবকরণ	90
ধর্মনিরপেক্ষ	90
ধর্মগ্রন্থ	90
ধর্মীয়সম্প্রীতি	90
ধৈর্যশক্তি	90
নক্ষত্রপুঞ্জ	90
নক্ষত্রলোক	90
নক্ষত্রমণ্ডল	90
নগ্নপদ	90
নব্বইতম	90
নিঃশব্দতা	90
নিঃস্বার্থতা	90
নিঃসঙ্গতা	90
নিঃসন্দেহে	90
নিঃশেষিত	90
নিঃস্পৃহ	90
নিঃশ্বাসপ্রশ্বাস	90
নির্ঘণ্ট	90
নির্ঘুম	90
নির্দিষ্টকরণ	90
নির্দেশনামূলক	90
নির্বাচনযোগ্য	90
নির্বিষীকরণ	90
নির্মমতা	90
নির্মাণশৈলী	90
নির্লিপ্ততা	90
নিষ্কণ্টক	90
নিষ্ক্রিয়তা	90
নিষ্কলুষতা	90
নিষ্পত্তিযোগ্য	90
নিষ্প্রভতা	90
নিষ্ফলতা	90
নিষ্কাশন	90
নিষ্ঠুরতা	90
নিস্পৃহতা	90
নৃত্যশিল্পী	90
নৃত্যনাট্য	90
নেতৃত্বস্থানীয়	90
ন্যায়সংগত	90
ন্যূনতম	90
পক্ষপাতদুষ্ট	90
পক্ষীশাস্ত্র	90
পঞ্চত্বপ্রাপ্ত	90
পঞ্চমুখী	90
পঞ্চাশত্তম	90
পণ্ডিতমশাই	90
পদক্ষেপসমূহ	90
পরীক্ষার্থী	90
পরীক্ষানিরীক্ষা	90
পরিচ্ছন্নতা	90
পরিচ্ছেদ	90
পরিচ্ছন্নকর্মী	90
পর্যবেক্ষণ	90
পর্যায়ক্রমিক	90
পর্যাপ্ততা	90
পর্যটনশিল্প	90
পর্যুদস্ত	90
পর্যবসিত	90
পরিষ্করণ	90
পরিষদীয়	90
পর্ষদসভা	90
পার্থক্যসূচক	90
পার্থিবতা	90
পুনরুদ্ধার	90
পুনর্গঠন	90
পুনর্নির্বাচন	90
পুনর্বাসন	90
পুস্তকপ্রণয়ন	90
পূর্বনির্ধারিত	90
পূর্বপ্রস্তুতি	90
পূর্বাভাস	90
পূর্বশর্ত	90
প্রজ্ঞাপন	90
প্রজ্ঞাবান	90
প্রচ্ছদশিল্প	90
প্রচ্ছন্নতা	90
প্রচ্ছায়া	90
প্রচণ্ডতা	90
প্রজ্বলিত	90
প্রজন্মান্তর	90
প্রত্নতাত্ত্বিক	90
প্রত্নসম্পদ	90
প্রত্যক্ষদর্শী	90
প্রত্যয়নপত্র	90
প্রত্যুত্তর	90
প্রত্যুৎপন্নমতিত্ব	90
প্রতিষ্ঠানিক	90
প্রতিষ্ঠাবার্ষিকী	90
প্রতিস্থাপন	90
প্রতিস্পর্ধা	90
প্রদ্যোতিত	90
প্রদর্শনযোগ্য	90
প্রদোষকাল	90
প্রধানমন্ত্রী	90
প্রবঞ্চনামূলক	90
প্রবৃত্তিগত	90
প্রবৃদ্ধি	90
প্রশ্নবোধক	90
প্রশ্নোত্তর	90
প্রশংসাসূচক	90
প্রশস্তকরণ	90
প্রসঙ্গক্রমে	90
প্রস্তাবনাপত্র	90
প্রস্তাবিত	90
প্রস্ফুটিত	90
প্রাণপ্রতিষ্ঠা	90
প্রামাণ্যচিত্র	90
প্রিয়দর্শিনী	90
প্রয়োজনীয়তা	90
প্রেক্ষাপট	90
প্রেক্ষাগৃহ	90
প্রৈষণ	90
অক্ষ্মতা	90
অগ্ন্যুদ্গার	90
অঙ্কুরোদ্গম	90
অঙ্ক্ষণ	90
অঙ্গপ্রত্যঙ্গ	90
অনুজ্ঞাপত্র	90
অন্বিত	90
অনুষ্ঠেয়	90
অন্তঃসত্ত্বা	90
অন্ত্যজ	90
অন্ত্যেষ্টিক্রিয়া	90
অন্তর্দৃষ্টি	90
অন্তর্ধান	90
অন্তর্বর্তী	90
অন্তর্বাস	90
অন্তর্যামী	90
অন্ত্র	90
অন্যত্র	90
অন্যোন্য	90
অভ্যুদয়	90
অভ্যুত্থান	90
অভিশ্রুতি	90
অভিসন্ধি	90
অভিজ্ঞাপন	90
অবক্ষয়	90
অবিচ্ছেদ্য	90
অবশ্যম্ভাবী	90
অষ্টাঙ্গ	90
অষ্টমঙ্গল	90
অষ্টাদশ	90
অষ্টোত্তর	90
আকাঙ্ক্ষিত	90
আকৃষ্ট	90
আত্মপ্রত্যয়	90
আত্মসংযম	90
আত্মসাৎ	90
আত্মশুদ্ধি	90
আত্মীয়স্বজন	90
আদ্যোপান্ত	90
আদ্যাক্ষর	90
আবিষ্কৃত	90
আবিষ্কার্য	90
আশ্চর্যান্বিত	90
আশ্বাসপ্রদ	90
ইচ্ছাকৃত	90
ইচ্ছামৃত্যু	90
ইন্দ্রজাল	90
ইন্দ্রিয়গ্রাহ্য	90
ইন্দ্রপ্রস্থ	90
ইষ্টদেবতা	90
ঈর্ষান্বিত	90
ঈর্ষ্যাপরায়ণ	90
উচ্ছৃঙ্খল	90
উচ্ছেদ	90
উজ্জীবন	90
উৎকর্ষ	90
উৎক্ষেপণ	90
উৎপাদনশীল	90
উৎপ্রেক্ষা	90
উৎসর্গীকৃত	90
উৎসবমুখর	90
উদ্ভ্রান্ত	90
উদ্ঘাটন	90
উদ্ঘোষণা	90
উদ্দীপনা	90
উদ্দীপ্ত	90
উদ্দেশ্যপ্রণোদিত	90
উদ্যোক্তা	90
উদ্যোগী	90
উদ্ধৃতাংশ	90
উন্নয়নশীল	90
উন্মোচন	90
উন্মত্ততা	90
উপযুক্ততা	90
উপস্থাপিত	90
উপস্থাপনযোগ্য	90
উপেক্ষণীয়	90
ঊর্ধ্বগতি	90
ঊর্ধ্বমুখী	90
ঋদ্ধিমান	90
ঋণগ্রস্ত	90
একচ্ছত্র	90
একত্রিত	90
ঐক্যবদ্ধ	90
ঐচ্ছিক	90
ঐশ্বর্যশালী	90
কঙ্কালসার	90
কক্ষচ্যুত	90
কক্ষপথ	90
কক্ষান্তর	90
কচ্ছপ	90
কণ্টকাকীর্ণ	90
কণ্ঠ্যধ্বনি	90
কর্তৃত্বপূর্ণ	90
কর্তব্যনিষ্ঠ	90
কর্তৃপক্ষ	90
কর্মক্ষেত্র	90
কর্মদক্ষতা	90
কর্মসম্পাদন	90
কর্মসংস্থান	90
কলঙ্কমুক্ত	90
কল্যাণকামী	90
কল্যাণরাষ্ট্র	90
কষ্টসাধ্য	90
কষ্টার্জিত	90
কিংবদন্তি	90
কিঞ্চিৎ	90
কৃত্রিমতা	90
কৃতিত্বপূর্ণ	90
কৃষ্ণাঙ্গ	90
কেন্দ্রাভিমুখী	90
কেন্দ্রীয়করণ	90
কেন্দ্রস্থল	90
ক্ষতবিক্ষত	90
ক্ষত্রিয়	90
ক্ষণস্থায়ী	90
ক্ষয়ক্ষতি	90
ক্ষারীয়	90
ক্ষিপ্রগতি	90
ক্ষুদ্রাতিক্ষুদ্র	90
ক্ষুধার্ত	90
ক্ষেত্রবিশেষ	90
ক্ষমাপ্রার্থী	90
অগ্নিশিখা	90
অগ্নিসংযোগ	90
অগ্রগণ্য	90
অগ্রাধিকার	90
অগ্রিমপ্রদান	90
অঙ্গীভূত	90
অঞ্চলভিত্তিক	90
অঞ্জলিপ্রদান	90
অঞ্জনশলাকা	90
অঞ্জীরফল	90
অজ্ঞানতা	90
অটলপ্রত্যয়	90
অতিক্রান্ত	90
অতিপ্রাকৃত	90
অতিসত্বর	90
অধিকারপ্রাপ্ত	90
অধিগ্রহণ	90
অধিদপ্তর	90
অধিবেশন	90
অধোপতিত	90
অনতিক্রম্য	90
অনধিগম্য	90
অনভিপ্রেত	90
অনাকাঙ্ক্ষিত	90
অনুপ্রাণিত	90
অনুরাগপূর্ণ	90
অনুশীলনকারী	90
অনৈচ্ছিক	90
অপরাধপ্রবণ	90
অপরিকল্পিত	90
অপর্যবেক্ষিত	90
অপব্যয়প্রবণ	90
অপমানজনক	90
অপ্রতিষ্ঠিত	90
অপ্রাসঙ্গিক	90
অপ্রিয়কর	90
অবক্ষয়ী	90
অবকৃষ্ট	90
অবজ্ঞাপূর্ণ	90
অবদমিত	90
অবনমনযোগ্য	90
অবলম্বনযোগ্য	90
অবশিষ্টাংশ	90
অবসন্নতা	90
অবহেলাজনিত	90
অভ্যন্তরভাগ	90
অভ্যর্থিত	90
অভিনন্দনযোগ্য	90
অভিন্নরূপে	90
অভিপ্রায়	90
অভিব্যক্তি	90
অভ্যন্তরীণভাবে	90
অমর্যাদাকর	90
অম্লত্বনির্ণয়	90
অর্গলমুক্ত	90
অর্থবহুল	90
অর্থহীনতা	90
অর্থনৈতিকভাবে	90
অলঙ্করণশিল্প	90
অশান্তিপূর্ণ	90
অশিক্ষাজনিত	90
অসঙ্গতিপূর্ণ	90
অসাধ্যসাধন	90
অসুবিধাজনক	90
অস্ত্রশস্ত্র	90
অস্বীকৃত	90
আকস্মিকতা	90
আক্রমণাত্মক	90
আত্মত্যাগী	90
আত্মনির্ভরশীল	90
আত্মপ্রতিষ্ঠা	90
আত্মসংকোচ	90
আত্মহত্যাপ্রবণ	90
আনন্দোচ্ছ্বাস	90
আন্তঃসম্পর্ক	90
আন্তঃসীমান্ত	90
আবশ্যকতাভিত্তিক	90
আবৃত্তিশিল্পী	90
আয়তক্ষেত্রাকার	90
আরোগ্যলাভ	90
আলোকচিত্রগ্রাহক	90
ইতিবৃত্তান্ত	90
ইতোমধ্যেই	90
ইন্দ্রিয়পরায়ণ	90
ইচ্ছানির্ভর	90
উচ্চশিক্ষাপ্রতিষ্ঠান	90
উচ্চারণবিধি	90
উচ্ছেদযোগ্য	90
উজ্জ্বলতর	90
উৎকর্ষসাধন	90
উৎপত্তিস্থল	90
উৎপ্রেক্ষামূলক	90
উদ্ভিদসংক্রান্ত	90
উদ্যোক্তাবৃন্দ	90
উদ্ধারপ্রক্রিয়া	90
উন্নতিসাধন	90
উন্মুক্তপ্রাঙ্গণ	90
উপকরণসমূহ	90
উপদ্রবপ্রবণ	90
উপনিবেশিকতা	90
উপস্থাপনকৌশল	90
উপহারস্বরূপ	90
ঊর্ধ্বমুখিতার	90
ঋণাত্মকতা	90
ঋতুচক্রপরিবর্তন	90
একাগ্রচিত্তে	90
একতরফাভাবে	90
একাধিকরণ	90
ঐতিহ্যসংরক্ষণ	90
ঐচ্ছিকবিষয়	90
ওষ্ঠ্যধ্বনি	90
কক্ষনিরাপত্তা	90
কণ্ঠসঙ্গীতশিল্পী	90
কতিপয়সংখ্যক	90
কর্তব্যবিমুখ	90
কর্মনিষ্ঠব্যক্তি	90
কর্মপরিবেশ	90
কল্পকাহিনিভিত্তিক	90
কৃষ্ণবর্ণ	90
কেন্দ্রনির্ভর	90
ক্ষতিকরপ্রভাব	90
ক্ষতিপূরণপ্রাপ্ত	90
ক্ষুদ্রপরিসরে	90
ক্ষুধানিবৃত্তি	90
ক্ষমতাবানব্যক্তি	90
খ্যাতিপ্রাপ্ত	90
খণ্ডকালব্যাপী	90
গণতান্ত্রিকব্যবস্থা	90
গণমাধ্যমনির্ভর	90
গবেষণালব্ধ	90
গর্ভকালীন	90
গৃহপরিচারিকা	90
গ্রন্থসমালোচনা	90
গ্রহণপ্রক্রিয়া	90
ঘটনাপ্রবাহ	90
ঘর্ষণশক্তি	90
ঘৃণ্যঅপরাধ	90
চক্রাকারগতি	90
চক্ষুলজ্জা	90
চিত্রাঙ্কনশিল্প	90
চিন্তাপ্রবণতা	90
ছাত্রাবাসভিত্তিক	90
ছায়াছবিনির্মাণ	90
জন্মদাত্রী	90
জন্মসনদপত্র	90
জ্ঞানভিত্তিক	90
জ্যোতিষশাস্ত্র	90
ঝঞ্ঝাক্ষুব্ধ	90
ট্রাফিকব্যবস্থাপনা	90
ড্রাইভিংলাইসেন্স	90
তত্ত্বগতভাবে	90
তত্ত্বসমৃদ্ধ	90
তদন্তপ্রক্রিয়া	90
তন্ময়চিত্তে	90
তরঙ্গদৈর্ঘ্য	90
তীব্রপ্রতিক্রিয়া	90
ত্রাণকার্যক্রম	90
ত্রাসসৃষ্টিকারী	90
ত্রুটিপূর্ণতা	90
দক্ষিণপূর্বাঞ্চল	90
দণ্ডনীয়অপরাধ	90
দায়িত্ববোধসম্পন্ন	90
দুর্নীতিদমন	90
দুর্বৃত্তচক্র	90
দৃঢ়প্রতিজ্ঞ	90
দৃষ্টান্তস্থাপন	90
দ্বন্দ্বনিরসন	90
দ্বিপ্রহর	90
দ্রুতপরিবহন	90
ধর্মীয়অনুষ্ঠান	90
ধারণক্ষমতা	90
নকশাবহির্ভূত	90
নিরন্তরপ্রচেষ্টা	90
নিরপেক্ষদৃষ্টিভঙ্গি	90
নির্বাচকমণ্ডলী	90
নির্ভুলতানির্ণয়	90
নিষিদ্ধঘোষিত	90
নিষ্কলঙ্কচরিত্র	90
নিষ্পেষণযোগ্য	90
নৃবিজ্ঞানভিত্তিক	90
ন্যায়বিচারপ্রাপ্তি	90
পক্ষকালব্যাপী	90
পদ্ধতিসম্মত	90
পরস্পরবিরোধী	90
পরিচালনব্যবস্থা	90
পরিপন্থী	90
পরিষ্কারপরিচ্ছন্ন	90
পর্যবসানকাল	90
পর্যায়ভিত্তিক	90
পুনর্বিন্যাসযোগ্য	90
পূর্বপরিকল্পিত	90
প্রকাশনাস্বত্ব	90
প্রতিকূলপরিস্থিতি	90
প্রতিপক্ষীয়	90
প্রতিবন্ধিতাবিহীন	90
প্রতিষ্ঠানপ্রধান	90
প্রত্ননিদর্শন	90
প্রত্যাশাপূরণ	90
প্রদত্ততালিকা	90
প্রধাননির্বাচক	90
প্রবেশপত্রবিহীন	90
প্রবৃদ্ধিপ্রবণ	90
প্রশস্তপরিসর	90
প্রসঙ্গানুগ	90
প্রস্তাবপ্রণেতা	90
প্রাণিবিজ্ঞানী	90
প্রাথমিকবিদ্যালয়	90
ফলপ্রদতা	90
ফ্রিজসংরক্ষণ	90
বক্তৃতামঞ্চ	90
বঞ্চিতজনগোষ্ঠী	90
বদ্ধমূলধারণা	90
বর্ধনশীলতা	90
বহিরাগতব্যক্তি	90
বাকস্বাধীনতা	90
বাণিজ্যপ্রতিষ্ঠান	90
বিচিত্রপ্রকৃতি	90
বিজ্ঞজনসমাজ	90
বিদ্রোহপ্রবণ	90
বিনিয়োগপ্রবণতা	90
বিপরীতপ্রতিক্রিয়া	90
বিভ্রান্তিমূলক	90
বিরোধনিষ্পত্তি	90
বিশ্লেষণক্ষমতা	90
বিষয়নির্ভরতা	90
বিস্মৃতপ্রায়	90
বৃক্ষরাজি	90
বৈজ্ঞানিকদৃষ্টিভঙ্গি	90
ব্যক্তিস্বাতন্ত্র্য	90
ব্যবহারযোগ্যতা	90
ব্যাখ্যাদানকারী	90
ব্যাঘাতসৃষ্টিকারী	90
ভবিষ্যৎনির্ভর	90
ভূমিকম্পপ্রবণ	90
ভ্রাতৃসুলভ	90
মতামতপ্রকাশ	90
মধ্যরাত্রিকাল	90
মন্ত্রিসভাপ্রধান	90
মর্মান্তিকঘটনা	90
মহাপরিকল্পনা	90
মহাবিশ্বতত্ত্ব	90
মুদ্রাস্ফীতিহার	90
মৌলিকপ্রয়োজন	90
যন্ত্রাংশনির্মাণ	90
যথোপযুক্ত	90
যৌথপ্রচেষ্টা	90
রক্তক্ষয়ীসংঘর্ষ	90
রাষ্ট্রবিজ্ঞানী	90
রূপকল্পপ্রণয়ন	90
লক্ষ্যনির্দিষ্ট	90
লঙ্ঘনপ্রবণতা	90
শক্তিক্ষয়জনিত	90
শব্দদূষণপ্রবণ	90
শরণাপন্ন	90
শারীরিকপ্রতিবন্ধকতা	90
শিক্ষণপদ্ধতি	90
শিল্পোৎপাদন	90
শৃঙ্খলাসম্মত	90
শ্রদ্ধাভাজন	90
শ্রেণিসংগ্রাম	90
শ্রুতিমধুর	90
ষড়ঋতু	90
ষড়ভুজাকৃতি	90
সংকীর্ণপরিসর	90
সংগৃহীততথ্য	90
সংঘবদ্ধপ্রচেষ্টা	90
সংবর্ধনাপত্র	90
সংশয়াতীত	90
সন্তুষ্টিপ্রকাশ	90
সম্পদব্যবস্থাপনা	90
সম্প্রীতিবর্ধক	90
সম্মিলিতভাবে	90
সম্মোহনপ্রবণ	90
সম্ভাব্যপ্রার্থী	90
সম্ভাব্যপরিণতি	90
সম্বন্ধযুক্ত	90
সম্রাটবাহাদুর	90
সর্বজনস্বীকৃত	90
সর্বনাশাপন্ন	90
সর্বোচ্চপর্যায়	90
সহমর্মিতাপূর্ণ	90
সাংগঠনিকভাবে	90
সাক্ষ্যভিত্তিক	90
সাম্প্রদায়িকসম্প্রীতি	90
সার্বিকপর্যালোচনা	90
সীমাবদ্ধতাজনিত	90
সুপরিচালিত	90
সুপ্রযুক্তব্যবস্থা	90
সুসমন্বিত	90
সৃষ্টিশীলপ্রতিভা	90
স্থলভাগসংক্রান্ত	90
স্থাপত্যকলাবিদ্যা	90
স্পষ্টীকরণযোগ্য	90
স্পর্ধাপূর্ণ	90
স্ফটিকীকরণ	90
স্মৃতিবিজড়িত	90
স্মরণশীলতা	90
স্বকীয়তাবোধ	90
স্বনিয়ন্ত্রিত	90
স্বপ্নচারী	90
স্বল্পসংখ্যক	90
স্বাস্থ্যসুরক্ষা	90
হস্তনির্মিত	90
হৃদয়স্পর্শী	90
হ্রাসবর্ধন	90
অগ্রসরমান	90
অগ্রহণযোগ্য	90
অগ্রাধিকারভিত্তিক	90
অচিন্তনীয়	90
অচিরস্থায়ী	90
অজ্ঞাতপরিচয়	90
অজ্ঞাতসারেই	90
অতিমানবীয়	90
অতিসংবেদনশীল	90
অধিকারবঞ্চিত	90
অধিদফতরসমূহ	90
অধীনতামূলক	90
অনাক্রম্যতা	90
অনিবার্যপরিণতি	90
অনুবাদযোগ্য	90
অনুসরণযোগ্য	90
অনুস্বরণধ্বনি	90
অনুপ্রবেশাধিকার	90
অনুপাতনির্ভর	90
অনুরোধক্রমে	90
অন্তর্নির্মিত	90
অন্তর্মহল	90
অন্তর্বর্তীকালে	90
অন্তর্ভুক্তিকরণ	90
অপরাজেয়তা	90
অপরিহার্যভাবে	90
অপেক্ষাকৃত	90
অপমানসূচক	90
অপ্রচলিত	90
অপ্রতুলসংখ্যক	90
অপ্রত্যক্ষভাবে	90
অপ্রতিরুদ্ধ	90
অপ্রমাণিত	90
অপ্রয়োজনীয়তা	90
অবকাঠামোনির্ভর	90
অবকৃষ্টমানের	90
অবদমিতকরণ	90
অবধারণাযোগ্য	90
অবনমিতাংশ	90
অবলুপ্তপ্রায়	90
অবাঞ্ছনীয়	90
অবিচলপ্রত্যয়	90
অবিশ্বাসপ্রবণ	90
অবিস্মরণীয়	90
অবৈধঘোষিত	90
অভিন্নতাবোধ	90
অভিনবত্বপূর্ণ	90
অভিপ্রেতফলাফল	90
অভিবাসনপ্রবণ	90
অভ্যুত্থানপরবর্তী	90
অমীমাংসাযোগ্য	90
অমৃতসঞ্জীবনী	90
অর্থনৈতিকমন্দা	90
অর্থসংকটাপন্ন	90
অলংকারশাস্ত্র	90
অশিক্ষিতজনগণ	90
অসন্তোষপ্রকাশ	90
অসামঞ্জস্যতা	90
অস্বাভাবিকতা	90
আকাঙ্ক্ষিতফল	90
আক্রমণপ্রবণতা	90
আগ্রহভিত্তিক	90
আত্মকেন্দ্রিকতা	90
আত্মজীবনীমূলক	90
আত্মরক্ষার্থে	90
আত্মসমর্পণকারী	90
আত্মহীনতাবোধ	90
আন্তঃপ্রাতিষ্ঠানিক	90
আন্তঃব্যক্তিক	90
আন্তঃবিষয়কতা	90
আবিষ্কারপ্রবণ	90
আবেগপ্রবণতা	90
আয়ত্তসাধ্য	90
ইতিবাচকপ্রভাব	90
ইতিহাসসম্মত	90
ইন্দ্রিয়গ্রাহ্যতা	90
ইচ্ছাকৃতভাবে	90
উচ্চক্ষমতাসম্পন্ন	90
উচ্চতরশিক্ষা	90
উচ্ছ্বাসপ্রকাশ	90
উৎকণ্ঠামুক্ত	90
উৎপাদনব্যয়	90
উৎপাদনশীলতা	90
উদ্ভাবনক্ষমতা	90
উদ্দেশ্যনির্ভর	90
উদ্যোগগ্রহণ	90
উদ্ধৃতিযোগ্য	90
উন্নয়নপরিকল্পনা	90
উন্মুক্তবিশ্ববিদ্যালয়	90
উপকারিতাভিত্তিক	90
উপযুক্তপরিবেশ	90
উপনিবেশস্থাপন	90
উপস্থাপকমণ্ডলী	90
উপসর্গসংক্রান্ত	90
ঊর্ধ্বগামীপ্রবণতা	90
ঋণাত্মকপ্রভাব	90
একচ্ছত্রক্ষমতা	90
একনিষ্ঠপ্রচেষ্টা	90
একাধিকভাষায়	90
ঐক্যবদ্ধপ্রচেষ্টা	90
ঐতিহ্যবাহীস্থাপনা	90
কক্ষনিয়ন্ত্রণব্যবস্থা	90
কণ্ঠস্বরপরিবর্তন	90
কর্তব্যনির্ধারণ	90
কর্মক্ষমতাবৃদ্ধি	90
কর্মপ্রবাহব্যবস্থা	90
কর্মসংস্থানের	90
কল্পনাতীতভাবে	90
কৃতিত্বস্বীকৃতি	90
কৃত্রিমউপগ্রহ	90
কৃষ্ণাঙ্গসম্প্রদায়	90
কেন্দ্রীয়ব্যাংক	90
ক্ষতবিক্ষতঅবস্থা	90
ক্ষতিগ্রস্তঅঞ্চল	90
ক্ষুদ্রনৃগোষ্ঠী	90
ক্ষমতাসীনসরকার	90
ক্ষমতায়নপ্রক্রিয়া	90
খ্যাতনামাব্যক্তি	90
খ্রিস্টীয়সম্প্রদায়	90
গণতান্ত্রিকঅধিকার	90
গণসংযোগকার্যক্রম	90
গণ্যমান্যনাগরিক	90
গর্ভাবস্থাকালীন	90
গবেষণানির্ভর	90
গ্রন্থপ্রকাশনা	90
গ্রামভিত্তিকউন্নয়ন	90
গ্রাহকবান্ধব	90
ঘনবসতিপূর্ণ	90
ঘূর্ণায়মানচক্র	90
চক্রবৃদ্ধিসুদ	90
চিন্তাভাবনাপ্রবণ	90
চিকিৎসাবিজ্ঞানের	90
চিত্রপ্রদর্শনী	90
চূড়ান্তনির্দেশনা	90
ছাত্রসংসদনির্বাচন	90
ছিন্নবিচ্ছিন্ন	90
জন্মনিয়ন্ত্রণপদ্ধতি	90
জ্ঞানভাণ্ডারসমৃদ্ধ	90
জ্যোতির্বিদ্যাচর্চা	90
ঝুঁকিনিরসনব্যবস্থা	90
তত্ত্বাবধানকারী	90
তদন্তসাপেক্ষে	90
তথ্যপ্রবাহনিয়ন্ত্রণ	90
ত্রিমাত্রিকনকশা	90
ত্রুটিনিরসনপ্রক্রিয়া	90
দক্ষতাভিত্তিকশিক্ষা	90
দুর্নীতিবিরোধী	90
দুর্ভোগপীড়িত	90
দুর্যোগপ্রবণএলাকা	90
দৃষ্টিভঙ্গিপরিবর্তন	90
দ্বন্দ্বমূলকপরিস্থিতি	90
দ্বিপাক্ষিকচুক্তি	90
দ্রব্যমূল্যনিয়ন্ত্রণ	90
ধর্মীয়সম্প্রীতিবোধ	90
ধারণাগতকাঠামো	90
নক্ষত্রখচিতআকাশ	90
নির্ধারিতসময়সীমা	90
নিরপেক্ষতাবজায়	90
নির্বাচনীইশতেহার	90
নির্ভরতামুক্ত	90
নিষিদ্ধঘোষণাপত্র	90
নিষ্পত্তিপ্রক্রিয়া	90
নৃত্যপরিবেশনা	90
ন্যায়সংগতদাবি	90
পক্ষপাতহীনভাবে	90
পদ্ধতিগতউন্নয়ন	90
পরিকল্পনাপ্রণয়ন	90
পরিচ্ছন্নপরিবেশ	90
পরিসংখ্যানভিত্তিক	90
পর্যবেক্ষণপ্রক্রিয়া	90
পর্যায়ক্রমউন্নয়ন	90
পুনর্নির্মাণপ্রকল্প	90
পূর্বাভাসনির্ভর	90
প্রতিকূলতামোকাবিলা	90
প্রতিবাদমুখর	90
প্রতিষ্ঠানপ্রতিনিধি	90
প্রত্নতাত্ত্বিকনিদর্শন	90
প্রত্যয়নযোগ্যতা	90
প্রধানঅতিথিবৃন্দ	90
প্রবেশাধিকারসংরক্ষণ	90
প্রবীণনাগরিকদের	90
প্রমাণভিত্তিকসিদ্ধান্ত	90
প্রশাসনসংক্রান্ত	90
প্রশিক্ষণকার্যক্রম	90
প্রাকৃতিকপরিবেশ	90
প্রাণিসম্পদউন্নয়ন	90
ফলপ্রসূকার্যক্রম	90
বক্তৃতাপ্রতিযোগিতা	90
বঞ্চিতসম্প্রদায়	90
বদ্ধপরিকরভাবে	90
বর্ধিষ্ণুঅর্থনীতি	90
বহুমুখীপ্রতিভা	90
বহিরাগতপ্রভাব	90
বাণিজ্যচুক্তিভিত্তিক	90
বিচ্ছিন্নঅঞ্চল	90
বিজ্ঞপ্তিপ্রকাশ	90
বিদ্যুৎউৎপাদন	90
বিনিয়োগযোগ্যতা	90
বিপন্নপ্রজাতি	90
বিভাগভিত্তিকভাবে	90
বিরোধপূর্ণপরিস্থিতি	90
বিশ্বব্যাপীসংকট	90
বিষ্ফোরণপ্রতিরোধ	90
বিস্তারিতপর্যালোচনা	90
বৃক্ষচ্ছেদনরোধ	90
বৈষম্যহীনসমাজ	90
ব্যক্তিত্ববিকাশ	90
ব্যবস্থাপনাকৌশল	90
ব্যবহারকারীবান্ধব	90
ব্যাখ্যাযোগ্যতা	90
ভবিষ্যৎপরিকল্পনা	90
ভৌগোলিকবৈচিত্র্য	90
ভ্রমণবৃত্তান্তমূলক	90
মধ্যস্থতাপ্রদান	90
মন্ত্রণালয়ভিত্তিক	90
মনোবৈজ্ঞানিক	90
মহাকাশগবেষণা	90
মহানগরভিত্তিক	90
মুদ্রাস্ফীতিনিয়ন্ত্রণ	90
মৌলিকঅবকাঠামো	90
যন্ত্রচালিতব্যবস্থা	90
যথার্থমূল্যায়ন	90
যৌথব্যবস্থাপনা	90
রক্তসঞ্চালনপ্রক্রিয়া	90
রাষ্ট্রীয়স্বার্থ	90
রূপান্তরমূলক	90
লক্ষ্যভিত্তিকপরিকল্পনা	90
লব্ধপ্রতিষ্ঠব্যক্তি	90
শক্তিসঞ্চয়ব্যবস্থা	90
শব্দভাণ্ডারসমৃদ্ধ	90
শরণার্থীশিবিরসমূহ	90
শারীরবৃত্তীয়প্রক্রিয়া	90
শিক্ষাপ্রতিষ্ঠানসমূহ	90
শিল্পভিত্তিকঅর্থনীতি	90
শৃঙ্খলাপরিপন্থী	90
শ্রেণিবিন্যাসপ্রক্রিয়া	90
শ্রদ্ধানিবেদন	90
ষড়যন্ত্রপ্রবণ	90
সংকটকালীনপরিস্থিতি	90
সংখ্যাতাত্ত্বিক	90
সংবিধানসংশোধন	90
সঙ্গীতপরিবেশনা	90
সংশ্লিষ্টব্যক্তিবর্গ	90
সম্পর্কব্যবস্থাপনা	90
সম্প্রসারণপ্রক্রিয়া	90
সম্পূর্ণস্বয়ংক্রিয়	90
সম্মানজনকভাবে	90
সম্মিলিতসিদ্ধান্ত	90
সম্ভাব্যসমাধান	90
সম্বন্ধীয়তথ্য	90
সর্বজনীনশিক্ষা	90
সর্বোত্তমব্যবস্থা	90
সাংস্কৃতিকসম্প্রীতি	90
সাক্ষরতারহার	90
সাধারণজনগণের	90
সামগ্রিকউন্নয়ন	90
সাম্প্রতিকঘটনাবলি	90
সার্বভৌমঅধিকার	90
সীমান্তসংলগ্ন	90
সুবিন্যস্তপরিকল্পনা	90
সুসমন্বয়সাধন	90
সুস্থতানির্দেশক	90
সৃষ্টিশীলচিন্তাধারা	90
স্থায়ীসমাধান	90
স্থাপত্যনির্মাণশৈলী	90
স্পষ্টভাষায়প্রকাশ	90
স্পর্শকাতরবিষয়	90
স্ফূর্তিবর্ধক	90
স্মৃতিচারণমূলক	90
স্বচ্ছতাবজায়রাখা	90
স্বনির্ভরঅর্থনীতি	90
স্বপ্নবাস্তবায়ন	90
স্বল্পসুদঋণ	90
স্বাস্থ্যসেবাব্যবস্থা	90
হস্তান্তরপ্রক্রিয়া	90
হৃদরোগনির্ণয়	90
হৃদয়গ্রাহীউপস্থাপনা	90
হ্রাসমানপ্রবণতা	90
অসুখ	90
বাড়ি	90
ঘর	90
দরজা	90
জানালা	90
ছাদ	90
দেয়াল	90
মেঝে	90
রান্নাঘর	90
বারান্দা	90
চেয়ার	90
টেবিল	90
খাট	90
বিছানা	90
বালিশ	90
চাদর	90
আলমারি	90
বাতি	90
পাখা	90
আয়না	90
ভাত	90
চাল	90
ডাল	90
মাছ	90
মাংস	90
ডিম	90
দুধ	90
পানি	90
চা	90
লবণ	90
চিনি	90
তেল	90
আটা	90
রুটি	90
সবজি	90
ফল	90
আম	90
কলা	90
আলু	90
পেঁয়াজ	90
রসুন	90
মরিচ	90
হলুদ	90
মসলা	90
খাবার	90
নাস্তা	90
মিষ্টি	90
পরিবার	90
বাবা	90
মা	90
ভাই	90
বোন	90
ছেলে	90
মেয়ে	90
স্বামী	90
স্ত্রী	90
দাদা	90
দাদি	90
নানা	90
নানি	90
চাচা	90
মামা	90
খালা	90
ফুফু	90
শ্বশুর	90
শাশুড়ি	90
বাচ্চা	90
কাজ	90
অফিস	90
চাকরি	90
ব্যবসা	90
বেতন	90
বস	90
কর্মচারী	90
শ্রমিক	90
মিটিং	90
ছুটি	90
কাগজ	90
কলম	90
বই	90
কম্পিউটার	90
টাকা	90
পয়সা	90
দাম	90
বাজার	90
দোকান	90
হিসাব	90
ব্যাংক	90
ঋণ	90
লাভ	90
খরচ	90
কেনা	90
বেচা	90
সময়	90
ঘণ্টা	90
মিনিট	90
দিন	90
রাত	90
সকাল	90
দুপুর	90
বিকেল	90
সন্ধ্যা	90
সপ্তাহ	90
মাস	90
বছর	90
আজ	90
কাল	90
এখন	90
ঘড়ি	90
তারিখ	90
ভ্রমণ	90
গাড়ি	90
বাস	90
ট্রেন	90
রিকশা	90
বিমান	90
নৌকা	90
রাস্তা	90
পথ	90
টিকিট	90
ভাড়া	90
স্টেশন	90
সাইকেল	90
যাত্রা	90
শরীর	90
মাথা	90
চোখ	90
কান	90
নাক	90
মুখ	90
হাত	90
পা	90
চুল	90
দাঁত	90
জিভ	90
গলা	90
পেট	90
বুক	90
আঙুল	90
হৃদয়	90
রক্ত	90
চামড়া	90
জামা	90
কাপড়	90
শাড়ি	90
পাঞ্জাবি	90
লুঙ্গি	90
প্যান্ট	90
জুতা	90
মোজা	90
টুপি	90
ওড়না	90
গামছা	90
চশমা	90
আবহাওয়া	90
বৃষ্টি	90
রোদ	90
মেঘ	90
বাতাস	90
ঝড়	90
শীত	90
গরম	90
ঠান্ডা	90
বন্যা	90
কুয়াশা	90
আকাশ	90
করা	90
খাওয়া	90
যাওয়া	90
আসা	90
দেখা	90
বলা	90
শোনা	90
নেওয়া	90
দেওয়া	90
ধরা	90
বসা	90
ওঠা	90
ঘুমানো	90
হাঁটা	90
দৌড়ানো	90
লেখা	90
পড়া	90
শেখা	90
জানা	90
বোঝা	90
ভাবা	90
চাওয়া	90
পাওয়া	90
রাখা	90
আনা	90
কাটা	90
ধোয়া	90
খেলা	90
হাসা	90
কাঁদা	90
ভাঙা	90
খোলা	90
হওয়া	90
থাকা	90
পারা	90
দায়িত্ব	90
ব্যবস্থা	90
ব্যক্তিত্ব	90
ঐতিহ্য	90
বৈশিষ্ট্য	90
প্রতিষ্ঠান	90
পরিপ্রেক্ষিত	90
অধিকার	90
স্বাধীনতা	90
পরাধীনতা	90
সমাজ	90
সংস্কৃতি	90
সভ্যতা	90
ঐতিহাসিক	90
ইতিহাস	90
ভবিষ্যৎ	90
বর্তমান	90
অতীত	90
পরিস্থিতি	90
অবস্থা	90
সিদ্ধান্ত	90
সমস্যা	90
সমাধান	90
পরিকল্পনা	90
উদ্দেশ্য	90
লক্ষ্য	90
কারণ	90
ফলাফল	90
প্রভাব	90
প্রক্রিয়া	90
পদ্ধতি	90
নীতি	90
আদর্শ	90
মূল্যবোধ	90
নৈতিকতা	90
বিবেক	90
জ্ঞান	90
বিদ্যা	90
শিক্ষা	90
গবেষণা	90
গবেষক	90
তত্ত্ব	90
তথ্য	90
উপাত্ত	90
বিশ্লেষণ	90
পরীক্ষণ	90
প্রমাণ	90
যুক্তি	90
তর্ক	90
মতামত	90
ধারণা	90
চিন্তা	90
চেতনা	90
অনুভূতি	90
দক্ষতা	90
যোগ্যতা	90
ক্ষমতা	90
শক্তি	90
সামর্থ্য	90
প্রয়োজন	90
চাহিদা	90
সুযোগ	90
সম্ভাবনা	90
ঝুঁকি	90
চ্যালেঞ্জ	90
প্রতিবন্ধকতা	90
বাধা	90
সংকট	90
বিপর্যয়	90
দুর্নীতি	90
স্বচ্ছতা	90
জবাবদিহি	90
ন্যায়বিচার	90
বিচার	90
আইন	90
শাসন	90
প্রশাসন	90
রাজনীতি	90
অর্থনীতি	90
সমাজনীতি	90
কূটনীতি	90
উন্নয়ন	90
অগ্রগতি	90
প্রগতি	90
পরিবর্তন	90
রূপান্তর	90
বিপ্লব	90
আন্দোলন	90
সংগ্রাম	90
প্রতিরোধ	90
সহযোগিতা	90
অংশগ্রহণ	90
সম্পর্ক	90
যোগাযোগ	90
সংযোগ	90
ঐক্য	90
সংহতি	90
বিভাজন	90
বৈষম্য	90
সমতা	90
স্বাধিকার	90
মর্যাদা	90
সম্মান	90
গৌরব	90
অহংকার	90
বিশ্বাস	90
আস্থা	90
আশা	90
হতাশা	90
সাহস	90
ধৈর্য	90
সহনশীলতা	90
শৃঙ্খলা	90
নিয়ম	90
শর্ত	90
বিধি	90
কাঠামো	90
পরিসর	90
মাত্রা	90
পরিমাণ	90
গুণমান	90
মূল্যায়ন	90
বৈচিত্র্য	90
বিশেষত্ব	90
সাধারণত্ব	90
বাস্তবতা	90
সত্য	90
মিথ্যা	90
ভুল	90
সঠিকতা	90
নির্ভুলতা	90
গুরুত্ব	90
প্রাসঙ্গিকতা	90
উপযোগিতা	90
কার্যকারিতা	90
সৃজনশীলতা	90
গবেষণাগার	90
প্রযুক্তি	90
দর্শন	90
সাহিত্য	90
শিল্প	90
স্থাপত্য	90
ঐতিহ্যবাহী	90
পরম্পরা	90
রীতি	90
প্রথা	90
আচার	90
উৎসব	90
পরিচয়	90
মাতৃভাষা	90
জাতীয়তা	90
দেশপ্রেম	90
মানবতা	90
মানবাধিকার	90
দয়া	90
সহানুভূতি	90
উদারতা	90
বিনয়	90
সততা	90
দুর্বলতা	90
শক্তিশালী	90
প্রতিযোগিতা	90
স্বার্থ	90
ত্যাগ	90
দায়	90
কর্তব্য	90
অধিকারী	90
স্বীকৃতি	90
প্রতিফলন	90
সংজ্ঞা	90
ব্যাখ্যা	90
উদাহরণ	90
দৃষ্টান্ত	90
বিদ্বান	90
দ্বন্দ্ব	90
দ্বার	90
দ্বিতীয়	90
দ্বীপ	90
দ্বেষ	90
বিশ্ব	90
অশ্ব	90
স্বাধীন	90
স্বর	90
স্বপ্ন	90
স্বাস্থ্য	90
স্বাদ	90
স্বভাব	90
স্বজন	90
স্বদেশ	90
স্বীকার	90
স্বতন্ত্র	90
স্বেচ্ছা	90
স্বর্গ	90
স্বর্ণ	90
দুষ্ট	90
কষ্ট	90
স্পষ্ট	90
শ্রেষ্ঠ	90
নষ্ট	90
তুষ্ট	90
পুষ্ট	90
ইষ্ট	90
সৃষ্টি	90
দৃষ্টি	90
বৃষ্টিপাত	90
কনিষ্ঠ	90
গরিষ্ঠ	90
অধিষ্ঠান	90
প্রতিষ্ঠা	90
গোষ্ঠী	90
ষষ্ঠ	90
নিষ্ঠা	90
পৃষ্ঠা	90
ঠোঁট	90
জ্ঞানী	90
বিজ্ঞানী	90
অজ্ঞান	90
বিজ্ঞ	90
বিজ্ঞপ্তি	90
যজ্ঞ	90
অজ্ঞাত	90
বিজ্ঞাপন	90
ক্ষতি	90
ক্ষুধা	90
ক্ষুদ্র	90
ক্ষেত	90
ক্ষণ	90
ক্ষীর	90
ক্ষয়	90
ক্ষার	90
ক্ষুর	90
রক্ষা	90
শিক্ষক	90
শিক্ষার্থী	90
দক্ষ	90
দক্ষিণ	90
লক্ষ	90
পক্ষ	90
অক্ষর	90
বক্ষ	90
যক্ষ্মা	90
সাক্ষর	90
সাক্ষী	90
সাক্ষাৎ	90
ভিক্ষা	90
ক্ষুব্ধ	90
অক্ষম	90
তীক্ষ্ণ	90
ব্রহ্ম	90
ব্রাহ্মণ	90
চিহ্ন	90
অপরাহ্ণ	90
গুহ্য	90
বাহ্য	90
সহ্য	90
দাহ্য	90
জিহ্বা	90
আহ্বান	90
আহ্লাদ	90
পঞ্চ	90
পঞ্চম	90
চঞ্চল	90
বাঞ্ছা	90
সঞ্চয়	90
অঞ্চল	90
মঞ্চ	90
বঞ্চনা	90
সঞ্চার	90
লাঞ্ছনা	90
কাঞ্চন	90
বিপঞ্চ	90
সঞ্চিত	90
উত্তর	90
উত্তম	90
সত্তা	90
মহত্ত্ব	90
সত্তর	90
উত্তীর্ণ	90
পুত্তলিকা	90
বৃত্তান্ত	90
বিত্ত	90
চিত্ত	90
নিত্ত	90
সত্ত্ব	90
যুদ্ধ	90
বুদ্ধি	90
শুদ্ধ	90
বৃদ্ধ	90
সিদ্ধ	90
বদ্ধ	90
অবরুদ্ধ	90
ক্রুদ্ধ	90
প্রসিদ্ধ	90
বিরুদ্ধ	90
যুদ্ধবিরতি	90
বুদ্ধিমান	90
শুদ্ধি	90
অন্ন	90
চিহ্নিত	90
বিদ্যুৎ	90
বিদ্যালয়	90
উদ্যান	90
উদ্যোগ	90
পদ্য	90
গদ্য	90
মাধ্যম	90
অধ্যয়ন	90
অধ্যাপক	90
অধ্যায়	90
মধ্য	90
মধ্যম	90
সাধ্য	90
বাধ্য	90
যোদ্ধা	90
উদ্ধার	90
উদ্ভব	90
উদ্ভিদ	90
উদ্বেগ	90
উদ্বোধন	90
অদ্ভুত	90
বন্ধু	90
গন্ধ	90
অন্ধকার	90
সিন্ধু	90
বন্ধন	90
সম্পূর্ণ	90
সম্ভব	90
সম্মেলন	90
গ্রন্থ	90
কণ্ঠ	90
পণ্ডিত	90
লণ্ঠন	90
শুণ্ড	90
খণ্ড	90
মণ্ডল	90
দণ্ড	90
পাণ্ডুলিপি	90
বিদ্রোহ	90
হৃদ্রোগ	90
উচ্চ	90
উচ্চারণ	90
স্বচ্ছ	90
ইচ্ছা	90
পশ্চিম	90
নিশ্চয়	90
নিশ্চিত	90
পশ্চাৎ	90
হুজ্জত	90
লজ্জা	90
সজ্জা	90
সজ্জন	90
মজ্জা	90
পাত্র	90
মিত্র	90
ছাত্র	90
শত্রু	90
বস্ত্র	90
মন্ত্র	90
যন্ত্র	90
তন্ত্র	90
স্বাতন্ত্র্য	90
রাষ্ট্র	90
চন্দ্র	90
ইন্দ্র	90
সমুদ্র	90
ক্ষুণ্ণ	90
বিশেষজ্ঞ	90
সর্বজ্ঞ	90
অভিজ্ঞ	90
ঋদ্ধ	90
বিদ্বেষ	90
বৈদ্য	90
পুণ্য	90
গণ্য	90
অরণ্য	90
বন্য	90
শূন্য	90
ধন্য	90
সৌন্দর্য	90
ঐশ্বর্য	90
কার্য	90
রহস্য	90
সহায্য	90
মনুষ্য	90
ঔষধ	90
বিষ্ণু	90
কৃষ্ণ	90
তৃষ্ণা	90
উষ্ণ	90
জ্যেষ্ঠ	90
অষ্টম	90
পুষ্প	90
শ্লেষ	90
প্রশ্ন	90
জঘন্য	90
সান্ত্বনা	90
বাত্সল্য	90
মাহাত্ম্য	90
দৌরাত্ম্য	90
ভালো	90
খারাপ	90
বড়	90
ছোট	90
নতুন	90
পুরনো	90
পুরাতন	90
লম্বা	90
বেঁটে	90
উঁচু	90
নিচু	90
মোটা	90
পাতলা	90
চিকন	90
ভারী	90
হালকা	90
শীতল	90
গভীর	90
প্রশস্ত	90
সরু	90
চওড়া	90
সুন্দর	90
কুৎসিত	90
বিশ্রী	90
পরিষ্কার	90
নোংরা	90
ময়লা	90
শুকনো	90
ভেজা	90
শক্ত	90
নরম	90
মসৃণ	90
ধারালো	90
ভোঁতা	90
টক	90
তেতো	90
ঝাল	90
নোনতা	90
সুস্বাদু	90
তাজা	90
বাসি	90
পাকা	90
কাঁচা	90
সস্তা	90
দামি	90
ধনী	90
গরিব	90
দরিদ্র	90
খালি	90
পূর্ণ	90
ভরা	90
সহজ	90
কঠিন	90
সঠিক	90
দ্রুত	90
ধীর	90
সবুজ	90
লাল	90
নীল	90
কালো	90
সাদা	90
খয়েরি	90
গোলাপি	90
চালাক	90
বোকা	90
মূর্খ	90
সাহসী	90
ভীতু	90
শান্ত	90
রাগী	90
খুশি	90
দুঃখী	90
আনন্দিত	90
ব্যস্ত	90
অলস	90
পরিশ্রমী	90
ক্লান্ত	90
সতেজ	90
সুস্থ	90
অসুস্থ	90
দুর্বল	90
সবল	90
মজবুত	90
সরল	90
জটিল	90
অস্পষ্ট	90
গোপন	90
বিখ্যাত	90
অজানা	90
পরিচিত	90
অপরিচিত	90
দূর	90
নিকট	90
আধুনিক	90
প্রাচীন	90
তরুণ	90
জীবন্ত	90
মৃত	90
জীবিত	90
মুক্ত	90
দরকারি	90
প্রয়োজনীয়	90
গুরুত্বপূর্ণ	90
সাধারণ	90
অসাধারণ	90
বিশেষ	90
পবিত্র	90
মহান	90
বিশাল	90
প্রকাণ্ড	90
সূক্ষ্ম	90
গোল	90
চ্যাপ্টা	90
ভীষণ	90
ভয়ঙ্কর	90
চমৎকার	90
মজার	90
বিরক্তিকর	90
আরামদায়ক	90
নিরাপদ	90
বিপজ্জনক	90
কোমল	90
কড়া	90
উদার	90
কৃপণ	90
দয়ালু	90
নিষ্ঠুর	90
ভদ্র	90
নম্র	90
অহংকারী	90
সৎ	90
অসৎ	90
বিশ্বস্ত	90
দুষ্টু	90
রঙিন	90
ফাঁকা	90
ঘন	90
তরল	90
কঠোর	90
মধুর	90
তিক্ত	90
অধম	90
সজীব	90
নিস্তেজ	90
ফরসা	90
শ্যামলা	90
মলিন	90
ঝকঝকে	90
ভিন্ন	90
একই	90
সমান	90
পুরো	90
অর্ধেক	90
আসল	90
নকল	90
খাঁটি	90
ভেজাল	90
জরুরি	90
আজব	90
তাড়াতাড়ি	90
আস্তে	90
ধীরে	90
জোরে	90
আবার	90
তখন	90
সবসময়	90
মাঝেমাঝে	90
প্রায়	90
একদম	90
খুব	90
বেশ	90
অনেক	90
কম	90
বেশি	90
একটু	90
হঠাৎ	90
হয়তো	90
অবশ্যই	90
চুপচাপ	90
ঠিক	90
সত্যি	90
সরকার	90
নাগরিক	90
নাগরিকত্ব	90
আদালত	90
বিচারক	90
অপরাধ	90
শাস্তি	90
পুলিশ	90
মামলা	90
নির্বাচন	90
ভোট	90
প্রার্থী	90
দল	90
সংসদ	90
মন্ত্রী	90
রাষ্ট্রপতি	90
মন্ত্রণালয়	90
রাজনৈতিক	90
নেতা	90
জনগণ	90
জনসংখ্যা	90
সামাজিক	90
সম্প্রদায়	90
ধর্ম	90
জাতি	90
জাতীয়	90
দেশ	90
উন্নত	90
দারিদ্র্য	90
বেকারত্ব	90
অর্থনৈতিক	90
বাজেট	90
কর	90
রাজস্ব	90
মুদ্রা	90
মূল্যস্ফীতি	90
বাণিজ্য	90
রপ্তানি	90
আমদানি	90
কৃষি	90
কৃষক	90
শ্রম	90
মজুরি	90
ছাত্রী	90
স্কুল	90
কলেজ	90
বিশ্ববিদ্যালয়	90
মাদ্রাসা	90
পাঠ	90
পাঠ্যক্রম	90
শিক্ষাব্যবস্থা	90
বৃত্তি	90
সাক্ষরতা	90
প্রশিক্ষণ	90
ডিগ্রি	90
চিকিৎসা	90
চিকিৎসক	90
ডাক্তার	90
হাসপাতাল	90
রোগ	90
রোগী	90
ওষুধ	90
চিকিৎসাসেবা	90
টিকা	90
সংক্রমণ	90
মহামারি	90
স্বাস্থ্যসেবা	90
পুষ্টি	90
অপারেশন	90
নার্স	90
মানসিক	90
শারীরিক	90
জ্বর	90
সংবাদ	90
খবর	90
সাংবাদিক	90
সংবাদপত্র	90
পত্রিকা	90
প্রতিবেদন	90
সম্প্রচার	90
সাংবাদিকতা	90
প্রকাশ	90
ঘোষণা	90
সাক্ষাৎকার	90
সেবা	90
সহায়তা	90
সাহায্য	90
কর্মকর্তা	90
দপ্তর	90
আবেদন	90
অনুমতি	90
নিবন্ধন	90
পরিচয়পত্র	90
পাসপোর্ট	90
ভিসা	90
কর্মসূচি	90
প্রকল্প	90
বরাদ্দ	90
অনুদান	90
ভর্তুকি	90
বিনিয়োগ	90
অবকাঠামো	90
সড়ক	90
পরিবহন	90
পরিবেশ	90
দূষণ	90
জলবায়ু	90
দুর্যোগ	90
ভূমিকম্প	90
ত্রাণ	90
নিরাপত্তা	90
সন্ত্রাস	90
সেনাবাহিনী	90
সীমান্ত	90
শান্তি	90
সংঘাত	90
বিক্ষোভ	90
ধর্মঘট	90
প্রতিবাদ	90
দাবি	90
সমাবেশ	90
সংগঠন	90
সংস্থা	90
সমিতি	90
পরিষদ	90
কমিটি	90
ইউনিয়ন	90
পৌরসভা	90
সিটি	90
গ্রাম	90
শহর	90
জেলা	90
উপজেলা	90
বিভাগ	90
কল্যাণ	90
নারী	90
শিশু	90
যুবক	90
প্রতিবন্ধী	90
অভিবাসী	90
শরণার্থী	90
বেসরকারি	90
সরকারি	90
নথি	90
তদন্ত	90
অভিযোগ	90
রায়	90
আদেশ	90
স্মারক	90
চুক্তি	90
সংশোধন	90
আলোচনা	90
ভালোবাসা	90
আনন্দ	90
সুখ	90
দুঃখ	90
রাগ	90
ভয়	90
ঘৃণা	90
হিংসা	90
মায়া	90
স্নেহ	90
আদর	90
দুশ্চিন্তা	90
গর্ব	90
বিরক্তি	90
অশান্তি	90
আবেগ	90
স্বস্তি	90
নিরাশা	90
অবাক	90
একা	90
তৃপ্তি	90
হাসি	90
কান্না	90
চুমু	90
আলিঙ্গন	90
অনুভব	90
করুণা	90
অসম্মান	90
মিলন	90
বিরহ	90
অভিমান	90
ঝগড়া	90
মারামারি	90
উত্তেজনা	90
মুগ্ধ	90
আফসোস	90
মেজাজ	90
ভরসা	90
আগ্রহ	90
অভ্যাস	90
প্রিয়	90
বান্ধবী	90
দিদি	90
চাচি	90
মামি	90
খালু	90
সন্তান	90
আত্মীয়	90
প্রতিবেশী	90
প্রেম	90
প্রেমিক	90
প্রেমিকা	90
বিয়ে	90
বিবাহ	90
সঙ্গী	90
সাথী	90
মানুষ	90
লোক	90
অতিথি	90
আপন	90
সালাম	90
আদাব	90
নমস্কার	90
স্বাগতম	90
ধন্যবাদ	90
শুভেচ্ছা	90
অভিনন্দন	90
দোয়া	90
আশীর্বাদ	90
বিদায়	90
দুঃখিত	90
মাফ	90
শুভ	90
সুপ্রভাত	90
শুভরাত্রি	90
শুভকামনা	90
অনুরোধ	90
হ্যাঁ	90
না	90
আচ্ছা	90
কেমন	90
কী	90
কেন	90
কোথায়	90
কখন	90
কে	90
আগামীকাল	90
গতকাল	90
জল	90
কথা	90
গল্প	90
জীবন	90
মন	90
প্রাণ	90
আত্মা	90
দেহ	90
নাম	90
বয়স	90
ভাষা	90
আপনি	90
তুমি	90
তুই	90
আমি	90
আমরা	90
তোমরা	90
সে	90
তারা	90
ব্যতিক্রম	90
জ্যোৎস্না	90
